louisville-jefferson_county_ky-in
salt_lake_city_ut
oklahoma_city_ok
new_orleans-metairie-kenner_la
memphis_tn-ms-ar
charleston-north_charleston_sc
north_port-bradenton-sarasota_fl
rochester_ny
madison_wi
oxnard-thousand_oaks-ventura_ca
tulsa_ok
tucson_az
buffalo-niagara_falls_ny
omaha-council_bluffs_ne-ia
allentown-bethlehem-easton_pa-nj
durham-chapel_hill_nc
albany-schenectady-troy_ny
colorado_springs_co
knoxville_tn
greensboro-high_point_nc
worcester_ma
cape_coral-fort_myers_fl
dayton_oh
honolulu_hi
baton_rouge_la
columbia_sc
boise_city-nampa_id
albuquerque_nm
birmingham-hoover_al
fresno_ca
akron_oh
des_moines-west_des_moines_ia
poughkeepsie-newburgh-middletown_ny
wichita_ks
boulder_co
lexington-fayette_ky
little_rock-north_little_rock-conway_ar
provo-orem_ut
ann_arbor_mi
syracuse_ny
harrisburg-carlisle_pa
jackson_ms
santa_rosa-petaluma_ca
reno-sparks_nv
portland-south_portland-biddeford_me
chattanooga_tn-ga
deltona-daytona_beach-ormond_beach_fl
fort_collins-loveland_co
spokane_wa
wilmington_nc
toledo_oh
asheville_nc
el_paso_tx
lakeland-winter_haven_fl
springfield_ma
lancaster_pa
stockton_ca
santa_barbara-santa_maria-goleta_ca
fayetteville-springdale-rogers_ar-mo
port_st._lucie_fl
palm_bay-melbourne-titusville_fl
lansing-east_lansing_mi
pensacola-ferry_pass-brent_fl
huntsville_al
trenton-ewing_nj
tallahassee_fl
fort_wayne_in
scranton--wilkes-barre_pa
springfield_mo
ogden-clearfield_ut
eugene-springfield_or
manchester-nashua_nh
canton-massillon_oh
myrtle_beach-north_myrtle_beach-conway_sc
mobile_al
anchorage_ak
modesto_ca
youngstown-warren-boardman_oh-pa
san_luis_obispo-paso_robles_ca
montgomery_al
gainesville_fl
salinas_ca
corpus_christi_tx
york-hanover_pa
vallejo-fairfield_ca
kalamazoo-portage_mi
reading_pa
lafayette_la
lubbock_tx
killeen-temple-fort_hood_tx
roanoke_va
bend_or
mcallen-edinburg-mission_tx
winston-salem_nc
salem_or
charlottesville_va
shreveport-bossier_city_la
lincoln_ne
ocala_fl
south_bend-mishawaka_in-mi
davenport-moline-rock_island_ia-il
flint_mi
rockford_il
augusta-richmond_county_ga-sc
fayetteville_nc
green_bay_wi
burlington-south_burlington_vt
hickory-lenoir-morganton_nc
atlantic_city-hammonton_nj
peoria_il
barnstable_town_ma
gulfport-biloxi_ms
evansville_in-ky
spartanburg_sc
greeley_co
beaumont-port_arthur_tx
bellingham_wa